-- 테스트용 샘플 데이터 스크립트

INSERT INTO "DBAL"."ID_REPOSITORY" (NAME, VALUE) VALUES ('BOARD', '4');
INSERT INTO "DBAL"."ID_REPOSITORY" (NAME, VALUE) VALUES ('BOARDLIST', '1');
INSERT INTO "DBAL"."ID_REPOSITORY" (NAME, VALUE) VALUES ('CARD', '0');
INSERT INTO "DBAL"."ID_REPOSITORY" (NAME, VALUE) VALUES ('CHECKITEM', '0');
INSERT INTO "DBAL"."ID_REPOSITORY" (NAME, VALUE) VALUES ('CHECKLIST', '0');
INSERT INTO "DBAL"."ID_REPOSITORY" (NAME, VALUE) VALUES ('COMMENTS', '0');
INSERT INTO "DBAL"."ID_REPOSITORY" (NAME, VALUE) VALUES ('INVITE', '0');
INSERT INTO "DBAL"."ID_REPOSITORY" (NAME, VALUE) VALUES ('TEAM', '3');

-- 사용자
INSERT INTO MEMBERS (MEMBER_ID, NAME, PASSWD, EMAIL) VALUES ('U1', '김진희', '1', '1@MAIL');
INSERT INTO MEMBERS (MEMBER_ID, NAME, PASSWD, EMAIL) VALUES ('U2', '김도현', '2', '2@MAIL');
INSERT INTO MEMBERS (MEMBER_ID, NAME, PASSWD, EMAIL) VALUES ('U3', '임민규', '3', '3@MAIL');
INSERT INTO MEMBERS (MEMBER_ID, NAME, PASSWD, EMAIL) VALUES ('U4', '김선미', '4', '4@MAIL');

-- 팀
INSERT INTO "DBAL"."TEAM" (TEAM_ID, TEAM_NAME) VALUES ('1', 'DBAL');
INSERT INTO "DBAL"."TEAM" (TEAM_ID, TEAM_NAME) VALUES ('2', 'YEDAM');
INSERT INTO "DBAL"."TEAM" (TEAM_ID, TEAM_NAME) VALUES ('3', 'SQL');

-- 팀 가입 사용자
INSERT INTO "DBAL"."TEAMINFO" (TEAM_ID, MEMBER_ID) VALUES ('1', 'U1');
INSERT INTO "DBAL"."TEAMINFO" (TEAM_ID, MEMBER_ID) VALUES ('1', 'U2');
INSERT INTO "DBAL"."TEAMINFO" (TEAM_ID, MEMBER_ID) VALUES ('1', 'U3');
INSERT INTO "DBAL"."TEAMINFO" (TEAM_ID, MEMBER_ID) VALUES ('1', 'U4');
INSERT INTO "DBAL"."TEAMINFO" (TEAM_ID, MEMBER_ID) VALUES ('2', 'U1');
INSERT INTO "DBAL"."TEAMINFO" (TEAM_ID, MEMBER_ID) VALUES ('2', 'U2');
INSERT INTO "DBAL"."TEAMINFO" (TEAM_ID, MEMBER_ID) VALUES ('3', 'U1');

-- 보드
INSERT INTO "DBAL"."BOARD" (BOARD_ID, BOARD_NAME, TEAM_ID) VALUES ('1', '중간프로젝트', '1');
INSERT INTO "DBAL"."BOARD" (BOARD_ID, BOARD_NAME, TEAM_ID) VALUES ('2', '개인업무', '1');
INSERT INTO "DBAL"."BOARD" (BOARD_ID, BOARD_NAME, TEAM_ID) VALUES ('3', 'Daily', '2');
INSERT INTO "DBAL"."BOARD" (BOARD_ID, BOARD_NAME, TEAM_ID) VALUES ('4', 'Weekly', '2');

-- 보드리스트
INSERT INTO "DBAL"."BOARDLIST" (LIST_ID, LIST_NAME, ORDER_NO, BOARD_ID) VALUES ('1', '해야할 일', '1', '1');


COMMIT;
